name,ipv4Address
jeexxx01,10.0.3.0
jeexxx02,10.0.3.1
jeexxx03,10.0.3.2
jeexxx04,10.0.3.3
jeetest0000,10.0.1.0
jeetest0001,10.0.2.0
jeetest0002,10.100.10.0
jeetest0003,10.100.11.0
jeetest0004,10.0.1.1
jeetest0005,10.0.2.1
jeetest0006,10.100.10.1
jeetest0007,10.100.11.1
jeetest0008,10.0.1.2
jeetest0009,10.0.2.2
jeetest0010,10.100.10.2
jeetest0011,10.100.11.2
jeetest0012,10.0.1.3
jeetest0013,10.0.2.3
jeetest0014,10.100.10.3
jeetest0015,10.100.11.3
jeetest0016,10.0.1.4
jeetest0017,10.0.2.4
jeetest0018,10.100.10.4
jeetest0019,10.100.11.4
jeetest0020,10.0.1.5
jeetest0021,10.0.2.5
jeetest0022,10.100.10.5
jeetest0023,10.100.11.5
jeetest0024,10.0.1.6
jeetest0025,10.0.2.6
jeetest0026,10.100.10.6
jeetest0027,10.100.11.6
jeetest0028,10.0.1.7
jeetest0029,10.0.2.7
jeetest0030,10.100.10.7
jeetest0031,10.100.11.7
jeetest0032,10.0.1.8
jeetest0033,10.0.2.8
jeetest0034,10.100.10.8
jeetest0035,10.100.11.8
jeetest0036,10.0.1.9
jeetest0037,10.0.2.9
jeetest0038,10.100.10.9
jeetest0039,10.100.11.9
jeetest0040,10.0.1.10
jeetest0041,10.0.2.10
jeetest0042,10.100.10.10
jeetest0043,10.100.11.10
jeetest0044,10.0.1.11
jeetest0045,10.0.2.11
jeetest0046,10.100.10.11
jeetest0047,10.100.11.11
jeetest0048,10.0.1.12
jeetest0049,10.0.2.12
jeetest0050,10.100.10.12
jeetest0051,10.100.11.12
jeetest0052,10.0.1.13
jeetest0053,10.0.2.13
jeetest0054,10.100.10.13
jeetest0055,10.100.11.13
jeetest0056,10.0.1.14
jeetest0057,10.0.2.14
jeetest0058,10.100.10.14
jeetest0059,10.100.11.14
jeetest0060,10.0.1.15
jeetest0061,10.0.2.15
jeetest0062,10.100.10.15
jeetest0063,10.100.11.15
jeetest0064,10.0.1.16
jeetest0065,10.0.2.16
jeetest0066,10.100.10.16
jeetest0067,10.100.11.16
jeetest0068,10.0.1.17
jeetest0069,10.0.2.17
jeetest0070,10.100.10.17
jeetest0071,10.100.11.17
jeetest0072,10.0.1.18
jeetest0073,10.0.2.18
jeetest0074,10.100.10.18
jeetest0075,10.100.11.18
jeetest0076,10.0.1.19
jeetest0077,10.0.2.19
jeetest0078,10.100.10.19
jeetest0079,10.100.11.19
jeetest0080,10.0.1.20
jeetest0081,10.0.2.20
jeetest0082,10.100.10.20
jeetest0083,10.100.11.20
jeetest0084,10.0.1.21
jeetest0085,10.0.2.21
jeetest0086,10.100.10.21
jeetest0087,10.100.11.21
jeetest0088,10.0.1.22
jeetest0089,10.0.2.22
jeetest0090,10.100.10.22
jeetest0091,10.100.11.22
jeetest0092,10.0.1.23
jeetest0093,10.0.2.23
jeetest0094,10.100.10.23
jeetest0095,10.100.11.23
jeetest0096,10.0.1.24
jeetest0097,10.0.2.24
jeetest0098,10.100.10.24
jeetest0099,10.100.11.24
jeetest0100,10.0.1.25
jeetest0101,10.0.2.25
jeetest0102,10.100.10.25
jeetest0103,10.100.11.25
jeetest0104,10.0.1.26
jeetest0105,10.0.2.26
jeetest0106,10.100.10.26
jeetest0107,10.100.11.26
jeetest0108,10.0.1.27
jeetest0109,10.0.2.27
jeetest0110,10.100.10.27
jeetest0111,10.100.11.27
jeetest0112,10.0.1.28
jeetest0113,10.0.2.28
jeetest0114,10.100.10.28
jeetest0115,10.100.11.28
jeetest0116,10.0.1.29
jeetest0117,10.0.2.29
jeetest0118,10.100.10.29
jeetest0119,10.100.11.29
jeetest0120,10.0.1.30
jeetest0121,10.0.2.30
jeetest0122,10.100.10.30
jeetest0123,10.100.11.30
jeetest0124,10.0.1.31
jeetest0125,10.0.2.31
jeetest0126,10.100.10.31
jeetest0127,10.100.11.31
jeetest0128,10.0.1.32
jeetest0129,10.0.2.32
jeetest0130,10.100.10.32
jeetest0131,10.100.11.32
jeetest0132,10.0.1.33
jeetest0133,10.0.2.33
jeetest0134,10.100.10.33
jeetest0135,10.100.11.33
jeetest0136,10.0.1.34
jeetest0137,10.0.2.34
jeetest0138,10.100.10.34
jeetest0139,10.100.11.34
jeetest0140,10.0.1.35
jeetest0141,10.0.2.35
jeetest0142,10.100.10.35
jeetest0143,10.100.11.35
jeetest0144,10.0.1.36
jeetest0145,10.0.2.36
jeetest0146,10.100.10.36
jeetest0147,10.100.11.36
jeetest0148,10.0.1.37
jeetest0149,10.0.2.37
jeetest0150,10.100.10.37
jeetest0151,10.100.11.37
jeetest0152,10.0.1.38
jeetest0153,10.0.2.38
jeetest0154,10.100.10.38
jeetest0155,10.100.11.38
jeetest0156,10.0.1.39
jeetest0157,10.0.2.39
jeetest0158,10.100.10.39
jeetest0159,10.100.11.39
jeetest0160,10.0.1.40
jeetest0161,10.0.2.40
jeetest0162,10.100.10.40
jeetest0163,10.100.11.40
jeetest0164,10.0.1.41
jeetest0165,10.0.2.41
jeetest0166,10.100.10.41
jeetest0167,10.100.11.41
jeetest0168,10.0.1.42
jeetest0169,10.0.2.42
jeetest0170,10.100.10.42
jeetest0171,10.100.11.42
jeetest0172,10.0.1.43
jeetest0173,10.0.2.43
jeetest0174,10.100.10.43
jeetest0175,10.100.11.43
jeetest0176,10.0.1.44
jeetest0177,10.0.2.44
jeetest0178,10.100.10.44
jeetest0179,10.100.11.44
jeetest0180,10.0.1.45
jeetest0181,10.0.2.45
jeetest0182,10.100.10.45
jeetest0183,10.100.11.45
jeetest0184,10.0.1.46
jeetest0185,10.0.2.46
jeetest0186,10.100.10.46
jeetest0187,10.100.11.46
jeetest0188,10.0.1.47
jeetest0189,10.0.2.47
jeetest0190,10.100.10.47
jeetest0191,10.100.11.47
jeetest0192,10.0.1.48
jeetest0193,10.0.2.48
jeetest0194,10.100.10.48
jeetest0195,10.100.11.48
jeetest0196,10.0.1.49
jeetest0197,10.0.2.49
jeetest0198,10.100.10.49
jeetest0199,10.100.11.49
jeetest0200,10.0.1.50
jeetest0201,10.0.2.50
jeetest0202,10.100.10.50
jeetest0203,10.100.11.50
jeetest0204,10.0.1.51
jeetest0205,10.0.2.51
jeetest0206,10.100.10.51
jeetest0207,10.100.11.51
jeetest0208,10.0.1.52
jeetest0209,10.0.2.52
jeetest0210,10.100.10.52
jeetest0211,10.100.11.52
jeetest0212,10.0.1.53
jeetest0213,10.0.2.53
jeetest0214,10.100.10.53
jeetest0215,10.100.11.53
jeetest0216,10.0.1.54
jeetest0217,10.0.2.54
jeetest0218,10.100.10.54
jeetest0219,10.100.11.54
jeetest0220,10.0.1.55
jeetest0221,10.0.2.55
jeetest0222,10.100.10.55
jeetest0223,10.100.11.55
jeetest0224,10.0.1.56
jeetest0225,10.0.2.56
jeetest0226,10.100.10.56
jeetest0227,10.100.11.56
jeetest0228,10.0.1.57
jeetest0229,10.0.2.57
jeetest0230,10.100.10.57
jeetest0231,10.100.11.57
jeetest0232,10.0.1.58
jeetest0233,10.0.2.58
jeetest0234,10.100.10.58
jeetest0235,10.100.11.58
jeetest0236,10.0.1.59
jeetest0237,10.0.2.59
jeetest0238,10.100.10.59
jeetest0239,10.100.11.59
jeetest0240,10.0.1.60
jeetest0241,10.0.2.60
jeetest0242,10.100.10.60
jeetest0243,10.100.11.60
jeetest0244,10.0.1.61
jeetest0245,10.0.2.61
jeetest0246,10.100.10.61
jeetest0247,10.100.11.61
jeetest0248,10.0.1.62
jeetest0249,10.0.2.62
jeetest0250,10.100.10.62
jeetest0251,10.100.11.62
jeetest0252,10.0.1.63
jeetest0253,10.0.2.63
jeetest0254,10.100.10.63
jeetest0255,10.100.11.63
jeetest0256,10.0.1.64
jeetest0257,10.0.2.64
jeetest0258,10.100.10.64
jeetest0259,10.100.11.64
jeetest0260,10.0.1.65
jeetest0261,10.0.2.65
jeetest0262,10.100.10.65
jeetest0263,10.100.11.65
jeetest0264,10.0.1.66
jeetest0265,10.0.2.66
jeetest0266,10.100.10.66
jeetest0267,10.100.11.66
jeetest0268,10.0.1.67
jeetest0269,10.0.2.67
jeetest0270,10.100.10.67
jeetest0271,10.100.11.67
jeetest0272,10.0.1.68
jeetest0273,10.0.2.68
jeetest0274,10.100.10.68
jeetest0275,10.100.11.68
jeetest0276,10.0.1.69
jeetest0277,10.0.2.69
jeetest0278,10.100.10.69
jeetest0279,10.100.11.69
jeetest0280,10.0.1.70
jeetest0281,10.0.2.70
jeetest0282,10.100.10.70
jeetest0283,10.100.11.70
jeetest0284,10.0.1.71
jeetest0285,10.0.2.71
jeetest0286,10.100.10.71
jeetest0287,10.100.11.71
jeetest0288,10.0.1.72
jeetest0289,10.0.2.72
jeetest0290,10.100.10.72
jeetest0291,10.100.11.72
jeetest0292,10.0.1.73
jeetest0293,10.0.2.73
jeetest0294,10.100.10.73
jeetest0295,10.100.11.73
jeetest0296,10.0.1.74
jeetest0297,10.0.2.74
jeetest0298,10.100.10.74
jeetest0299,10.100.11.74
jeetest0300,10.0.1.75
jeetest0301,10.0.2.75
jeetest0302,10.100.10.75
jeetest0303,10.100.11.75
jeetest0304,10.0.1.76
jeetest0305,10.0.2.76
jeetest0306,10.100.10.76
jeetest0307,10.100.11.76
jeetest0308,10.0.1.77
jeetest0309,10.0.2.77
jeetest0310,10.100.10.77
jeetest0311,10.100.11.77
jeetest0312,10.0.1.78
jeetest0313,10.0.2.78
jeetest0314,10.100.10.78
jeetest0315,10.100.11.78
jeetest0316,10.0.1.79
jeetest0317,10.0.2.79
jeetest0318,10.100.10.79
jeetest0319,10.100.11.79
jeetest0320,10.0.1.80
jeetest0321,10.0.2.80
jeetest0322,10.100.10.80
jeetest0323,10.100.11.80
jeetest0324,10.0.1.81
jeetest0325,10.0.2.81
jeetest0326,10.100.10.81
jeetest0327,10.100.11.81
jeetest0328,10.0.1.82
jeetest0329,10.0.2.82
jeetest0330,10.100.10.82
jeetest0331,10.100.11.82
jeetest0332,10.0.1.83
jeetest0333,10.0.2.83
jeetest0334,10.100.10.83
jeetest0335,10.100.11.83
jeetest0336,10.0.1.84
jeetest0337,10.0.2.84
jeetest0338,10.100.10.84
jeetest0339,10.100.11.84
jeetest0340,10.0.1.85
jeetest0341,10.0.2.85
jeetest0342,10.100.10.85
jeetest0343,10.100.11.85
jeetest0344,10.0.1.86
jeetest0345,10.0.2.86
jeetest0346,10.100.10.86
jeetest0347,10.100.11.86
jeetest0348,10.0.1.87
jeetest0349,10.0.2.87
jeetest0350,10.100.10.87
jeetest0351,10.100.11.87
jeetest0352,10.0.1.88
jeetest0353,10.0.2.88
jeetest0354,10.100.10.88
jeetest0355,10.100.11.88
jeetest0356,10.0.1.89
jeetest0357,10.0.2.89
jeetest0358,10.100.10.89
jeetest0359,10.100.11.89
jeetest0360,10.0.1.90
jeetest0361,10.0.2.90
jeetest0362,10.100.10.90
jeetest0363,10.100.11.90
jeetest0364,10.0.1.91
jeetest0365,10.0.2.91
jeetest0366,10.100.10.91
jeetest0367,10.100.11.91
jeetest0368,10.0.1.92
jeetest0369,10.0.2.92
jeetest0370,10.100.10.92
jeetest0371,10.100.11.92
jeetest0372,10.0.1.93
jeetest0373,10.0.2.93
jeetest0374,10.100.10.93
jeetest0375,10.100.11.93
jeetest0376,10.0.1.94
jeetest0377,10.0.2.94
jeetest0378,10.100.10.94
jeetest0379,10.100.11.94
jeetest0380,10.0.1.95
jeetest0381,10.0.2.95
jeetest0382,10.100.10.95
jeetest0383,10.100.11.95
jeetest0384,10.0.1.96
jeetest0385,10.0.2.96
jeetest0386,10.100.10.96
jeetest0387,10.100.11.96
jeetest0388,10.0.1.97
jeetest0389,10.0.2.97
jeetest0390,10.100.10.97
jeetest0391,10.100.11.97
jeetest0392,10.0.1.98
jeetest0393,10.0.2.98
jeetest0394,10.100.10.98
jeetest0395,10.100.11.98
jeetest0396,10.0.1.99
jeetest0397,10.0.2.99
jeetest0398,10.100.10.99
jeetest0399,10.100.11.99
jeetest0400,10.0.1.100
jeetest0401,10.0.2.100
jeetest0402,10.100.10.100
jeetest0403,10.100.11.100
jeetest0404,10.0.1.101
jeetest0405,10.0.2.101
jeetest0406,10.100.10.101
jeetest0407,10.100.11.101
jeetest0408,10.0.1.102
jeetest0409,10.0.2.102
jeetest0410,10.100.10.102
jeetest0411,10.100.11.102
jeetest0412,10.0.1.103
jeetest0413,10.0.2.103
jeetest0414,10.100.10.103
jeetest0415,10.100.11.103
jeetest0416,10.0.1.104
jeetest0417,10.0.2.104
jeetest0418,10.100.10.104
jeetest0419,10.100.11.104
jeetest0420,10.0.1.105
jeetest0421,10.0.2.105
jeetest0422,10.100.10.105
jeetest0423,10.100.11.105
jeetest0424,10.0.1.106
jeetest0425,10.0.2.106
jeetest0426,10.100.10.106
jeetest0427,10.100.11.106
jeetest0428,10.0.1.107
jeetest0429,10.0.2.107
jeetest0430,10.100.10.107
jeetest0431,10.100.11.107
jeetest0432,10.0.1.108
jeetest0433,10.0.2.108
jeetest0434,10.100.10.108
jeetest0435,10.100.11.108
jeetest0436,10.0.1.109
jeetest0437,10.0.2.109
jeetest0438,10.100.10.109
jeetest0439,10.100.11.109
jeetest0440,10.0.1.110
jeetest0441,10.0.2.110
jeetest0442,10.100.10.110
jeetest0443,10.100.11.110
jeetest0444,10.0.1.111
jeetest0445,10.0.2.111
jeetest0446,10.100.10.111
jeetest0447,10.100.11.111
jeetest0448,10.0.1.112
jeetest0449,10.0.2.112
jeetest0450,10.100.10.112
jeetest0451,10.100.11.112
jeetest0452,10.0.1.113
jeetest0453,10.0.2.113
jeetest0454,10.100.10.113
jeetest0455,10.100.11.113
jeetest0456,10.0.1.114
jeetest0457,10.0.2.114
jeetest0458,10.100.10.114
jeetest0459,10.100.11.114
jeetest0460,10.0.1.115
jeetest0461,10.0.2.115
jeetest0462,10.100.10.115
jeetest0463,10.100.11.115
jeetest0464,10.0.1.116
jeetest0465,10.0.2.116
jeetest0466,10.100.10.116
jeetest0467,10.100.11.116
jeetest0468,10.0.1.117
jeetest0469,10.0.2.117
jeetest0470,10.100.10.117
jeetest0471,10.100.11.117
jeetest0472,10.0.1.118
jeetest0473,10.0.2.118
jeetest0474,10.100.10.118
jeetest0475,10.100.11.118
jeetest0476,10.0.1.119
jeetest0477,10.0.2.119
jeetest0478,10.100.10.119
jeetest0479,10.100.11.119
jeetest0480,10.0.1.120
jeetest0481,10.0.2.120
jeetest0482,10.100.10.120
jeetest0483,10.100.11.120
jeetest0484,10.0.1.121
jeetest0485,10.0.2.121
jeetest0486,10.100.10.121
jeetest0487,10.100.11.121
jeetest0488,10.0.1.122
jeetest0489,10.0.2.122
jeetest0490,10.100.10.122
jeetest0491,10.100.11.122
jeetest0492,10.0.1.123
jeetest0493,10.0.2.123
jeetest0494,10.100.10.123
jeetest0495,10.100.11.123
jeetest0496,10.0.1.124
jeetest0497,10.0.2.124
jeetest0498,10.100.10.124
jeetest0499,10.100.11.124
jeetest0500,10.0.1.125
jeetest0501,10.0.2.125
jeetest0502,10.100.10.125
jeetest0503,10.100.11.125
jeetest0504,10.0.1.126
jeetest0505,10.0.2.126
jeetest0506,10.100.10.126
jeetest0507,10.100.11.126
jeetest0508,10.0.1.127
jeetest0509,10.0.2.127
jeetest0510,10.100.10.127
jeetest0511,10.100.11.127
jeetest0512,10.0.1.128
jeetest0513,10.0.2.128
jeetest0514,10.100.10.128
jeetest0515,10.100.11.128
jeetest0516,10.0.1.129
jeetest0517,10.0.2.129
jeetest0518,10.100.10.129
jeetest0519,10.100.11.129
jeetest0520,10.0.1.130
jeetest0521,10.0.2.130
jeetest0522,10.100.10.130
jeetest0523,10.100.11.130
jeetest0524,10.0.1.131
jeetest0525,10.0.2.131
jeetest0526,10.100.10.131
jeetest0527,10.100.11.131
jeetest0528,10.0.1.132
jeetest0529,10.0.2.132
jeetest0530,10.100.10.132
jeetest0531,10.100.11.132
jeetest0532,10.0.1.133
jeetest0533,10.0.2.133
jeetest0534,10.100.10.133
jeetest0535,10.100.11.133
jeetest0536,10.0.1.134
jeetest0537,10.0.2.134
jeetest0538,10.100.10.134
jeetest0539,10.100.11.134
jeetest0540,10.0.1.135
jeetest0541,10.0.2.135
jeetest0542,10.100.10.135
jeetest0543,10.100.11.135
jeetest0544,10.0.1.136
jeetest0545,10.0.2.136
jeetest0546,10.100.10.136
jeetest0547,10.100.11.136
jeetest0548,10.0.1.137
jeetest0549,10.0.2.137
jeetest0550,10.100.10.137
jeetest0551,10.100.11.137
jeetest0552,10.0.1.138
jeetest0553,10.0.2.138
jeetest0554,10.100.10.138
jeetest0555,10.100.11.138
jeetest0556,10.0.1.139
jeetest0557,10.0.2.139
jeetest0558,10.100.10.139
jeetest0559,10.100.11.139
jeetest0560,10.0.1.140
jeetest0561,10.0.2.140
jeetest0562,10.100.10.140
jeetest0563,10.100.11.140
jeetest0564,10.0.1.141
jeetest0565,10.0.2.141
jeetest0566,10.100.10.141
jeetest0567,10.100.11.141
jeetest0568,10.0.1.142
jeetest0569,10.0.2.142
jeetest0570,10.100.10.142
jeetest0571,10.100.11.142
jeetest0572,10.0.1.143
jeetest0573,10.0.2.143
jeetest0574,10.100.10.143
jeetest0575,10.100.11.143
jeetest0576,10.0.1.144
jeetest0577,10.0.2.144
jeetest0578,10.100.10.144
jeetest0579,10.100.11.144
jeetest0580,10.0.1.145
jeetest0581,10.0.2.145
jeetest0582,10.100.10.145
jeetest0583,10.100.11.145
jeetest0584,10.0.1.146
jeetest0585,10.0.2.146
jeetest0586,10.100.10.146
jeetest0587,10.100.11.146
jeetest0588,10.0.1.147
jeetest0589,10.0.2.147
jeetest0590,10.100.10.147
jeetest0591,10.100.11.147
jeetest0592,10.0.1.148
jeetest0593,10.0.2.148
jeetest0594,10.100.10.148
jeetest0595,10.100.11.148
jeetest0596,10.0.1.149
jeetest0597,10.0.2.149
jeetest0598,10.100.10.149
jeetest0599,10.100.11.149
jeetest0600,10.0.1.150
jeetest0601,10.0.2.150
jeetest0602,10.100.10.150
jeetest0603,10.100.11.150
jeetest0604,10.0.1.151
jeetest0605,10.0.2.151
jeetest0606,10.100.10.151
jeetest0607,10.100.11.151
jeetest0608,10.0.1.152
jeetest0609,10.0.2.152
jeetest0610,10.100.10.152
jeetest0611,10.100.11.152
jeetest0612,10.0.1.153
jeetest0613,10.0.2.153
jeetest0614,10.100.10.153
jeetest0615,10.100.11.153
jeetest0616,10.0.1.154
jeetest0617,10.0.2.154
jeetest0618,10.100.10.154
jeetest0619,10.100.11.154
jeetest0620,10.0.1.155
jeetest0621,10.0.2.155
jeetest0622,10.100.10.155
jeetest0623,10.100.11.155
jeetest0624,10.0.1.156
jeetest0625,10.0.2.156
jeetest0626,10.100.10.156
jeetest0627,10.100.11.156
jeetest0628,10.0.1.157
jeetest0629,10.0.2.157
jeetest0630,10.100.10.157
jeetest0631,10.100.11.157
jeetest0632,10.0.1.158
jeetest0633,10.0.2.158
jeetest0634,10.100.10.158
jeetest0635,10.100.11.158
jeetest0636,10.0.1.159
jeetest0637,10.0.2.159
jeetest0638,10.100.10.159
jeetest0639,10.100.11.159
jeetest0640,10.0.1.160
jeetest0641,10.0.2.160
jeetest0642,10.100.10.160
jeetest0643,10.100.11.160
jeetest0644,10.0.1.161
jeetest0645,10.0.2.161
jeetest0646,10.100.10.161
jeetest0647,10.100.11.161
jeetest0648,10.0.1.162
jeetest0649,10.0.2.162
jeetest0650,10.100.10.162
jeetest0651,10.100.11.162
jeetest0652,10.0.1.163
jeetest0653,10.0.2.163
jeetest0654,10.100.10.163
jeetest0655,10.100.11.163
jeetest0656,10.0.1.164
jeetest0657,10.0.2.164
jeetest0658,10.100.10.164
jeetest0659,10.100.11.164
jeetest0660,10.0.1.165
jeetest0661,10.0.2.165
jeetest0662,10.100.10.165
jeetest0663,10.100.11.165
jeetest0664,10.0.1.166
jeetest0665,10.0.2.166
jeetest0666,10.100.10.166
jeetest0667,10.100.11.166
jeetest0668,10.0.1.167
jeetest0669,10.0.2.167
jeetest0670,10.100.10.167
jeetest0671,10.100.11.167
jeetest0672,10.0.1.168
jeetest0673,10.0.2.168
jeetest0674,10.100.10.168
jeetest0675,10.100.11.168
jeetest0676,10.0.1.169
jeetest0677,10.0.2.169
jeetest0678,10.100.10.169
jeetest0679,10.100.11.169
jeetest0680,10.0.1.170
jeetest0681,10.0.2.170
jeetest0682,10.100.10.170
jeetest0683,10.100.11.170
jeetest0684,10.0.1.171
jeetest0685,10.0.2.171
jeetest0686,10.100.10.171
jeetest0687,10.100.11.171
jeetest0688,10.0.1.172
jeetest0689,10.0.2.172
jeetest0690,10.100.10.172
jeetest0691,10.100.11.172
jeetest0692,10.0.1.173
jeetest0693,10.0.2.173
jeetest0694,10.100.10.173
jeetest0695,10.100.11.173
jeetest0696,10.0.1.174
jeetest0697,10.0.2.174
jeetest0698,10.100.10.174
jeetest0699,10.100.11.174
jeetest0700,10.0.1.175
jeetest0701,10.0.2.175
jeetest0702,10.100.10.175
jeetest0703,10.100.11.175
jeetest0704,10.0.1.176
jeetest0705,10.0.2.176
jeetest0706,10.100.10.176
jeetest0707,10.100.11.176
jeetest0708,10.0.1.177
jeetest0709,10.0.2.177
jeetest0710,10.100.10.177
jeetest0711,10.100.11.177
jeetest0712,10.0.1.178
jeetest0713,10.0.2.178
jeetest0714,10.100.10.178
jeetest0715,10.100.11.178
jeetest0716,10.0.1.179
jeetest0717,10.0.2.179
jeetest0718,10.100.10.179
jeetest0719,10.100.11.179
jeetest0720,10.0.1.180
jeetest0721,10.0.2.180
jeetest0722,10.100.10.180
jeetest0723,10.100.11.180
jeetest0724,10.0.1.181
jeetest0725,10.0.2.181
jeetest0726,10.100.10.181
jeetest0727,10.100.11.181
jeetest0728,10.0.1.182
jeetest0729,10.0.2.182
jeetest0730,10.100.10.182
jeetest0731,10.100.11.182
jeetest0732,10.0.1.183
jeetest0733,10.0.2.183
jeetest0734,10.100.10.183
jeetest0735,10.100.11.183
jeetest0736,10.0.1.184
jeetest0737,10.0.2.184
jeetest0738,10.100.10.184
jeetest0739,10.100.11.184
jeetest0740,10.0.1.185
jeetest0741,10.0.2.185
jeetest0742,10.100.10.185
jeetest0743,10.100.11.185
jeetest0744,10.0.1.186
jeetest0745,10.0.2.186
jeetest0746,10.100.10.186
jeetest0747,10.100.11.186
jeetest0748,10.0.1.187
jeetest0749,10.0.2.187
jeetest0750,10.100.10.187
jeetest0751,10.100.11.187
jeetest0752,10.0.1.188
jeetest0753,10.0.2.188
jeetest0754,10.100.10.188
jeetest0755,10.100.11.188
jeetest0756,10.0.1.189
jeetest0757,10.0.2.189
jeetest0758,10.100.10.189
jeetest0759,10.100.11.189
jeetest0760,10.0.1.190
jeetest0761,10.0.2.190
jeetest0762,10.100.10.190
jeetest0763,10.100.11.190
jeetest0764,10.0.1.191
jeetest0765,10.0.2.191
jeetest0766,10.100.10.191
jeetest0767,10.100.11.191
jeetest0768,10.0.1.192
jeetest0769,10.0.2.192
jeetest0770,10.100.10.192
jeetest0771,10.100.11.192
jeetest0772,10.0.1.193
jeetest0773,10.0.2.193
jeetest0774,10.100.10.193
jeetest0775,10.100.11.193
jeetest0776,10.0.1.194
jeetest0777,10.0.2.194
jeetest0778,10.100.10.194
jeetest0779,10.100.11.194
jeetest0780,10.0.1.195
jeetest0781,10.0.2.195
jeetest0782,10.100.10.195
jeetest0783,10.100.11.195
jeetest0784,10.0.1.196
jeetest0785,10.0.2.196
jeetest0786,10.100.10.196
jeetest0787,10.100.11.196
jeetest0788,10.0.1.197
jeetest0789,10.0.2.197
jeetest0790,10.100.10.197
jeetest0791,10.100.11.197
jeetest0792,10.0.1.198
jeetest0793,10.0.2.198
jeetest0794,10.100.10.198
jeetest0795,10.100.11.198
jeetest0796,10.0.1.199
jeetest0797,10.0.2.199
jeetest0798,10.100.10.199
jeetest0799,10.100.11.199
jeetest0800,10.0.1.200
jeetest0801,10.0.2.200
jeetest0802,10.100.10.200
jeetest0803,10.100.11.200
jeetest0804,10.0.1.201
jeetest0805,10.0.2.201
jeetest0806,10.100.10.201
jeetest0807,10.100.11.201
jeetest0808,10.0.1.202
jeetest0809,10.0.2.202
jeetest0810,10.100.10.202
jeetest0811,10.100.11.202
jeetest0812,10.0.1.203
jeetest0813,10.0.2.203
jeetest0814,10.100.10.203
jeetest0815,10.100.11.203
jeetest0816,10.0.1.204
jeetest0817,10.0.2.204
jeetest0818,10.100.10.204
jeetest0819,10.100.11.204
jeetest0820,10.0.1.205
jeetest0821,10.0.2.205
jeetest0822,10.100.10.205
jeetest0823,10.100.11.205
jeetest0824,10.0.1.206
jeetest0825,10.0.2.206
jeetest0826,10.100.10.206
jeetest0827,10.100.11.206
jeetest0828,10.0.1.207
jeetest0829,10.0.2.207
jeetest0830,10.100.10.207
jeetest0831,10.100.11.207
jeetest0832,10.0.1.208
jeetest0833,10.0.2.208
jeetest0834,10.100.10.208
jeetest0835,10.100.11.208
jeetest0836,10.0.1.209
jeetest0837,10.0.2.209
jeetest0838,10.100.10.209
jeetest0839,10.100.11.209
jeetest0840,10.0.1.210
jeetest0841,10.0.2.210
jeetest0842,10.100.10.210
jeetest0843,10.100.11.210
jeetest0844,10.0.1.211
jeetest0845,10.0.2.211
jeetest0846,10.100.10.211
jeetest0847,10.100.11.211
jeetest0848,10.0.1.212
jeetest0849,10.0.2.212
jeetest0850,10.100.10.212
jeetest0851,10.100.11.212
jeetest0852,10.0.1.213
jeetest0853,10.0.2.213
jeetest0854,10.100.10.213
jeetest0855,10.100.11.213
jeetest0856,10.0.1.214
jeetest0857,10.0.2.214
jeetest0858,10.100.10.214
jeetest0859,10.100.11.214
jeetest0860,10.0.1.215
jeetest0861,10.0.2.215
jeetest0862,10.100.10.215
jeetest0863,10.100.11.215
jeetest0864,10.0.1.216
jeetest0865,10.0.2.216
jeetest0866,10.100.10.216
jeetest0867,10.100.11.216
jeetest0868,10.0.1.217
jeetest0869,10.0.2.217
jeetest0870,10.100.10.217
jeetest0871,10.100.11.217
jeetest0872,10.0.1.218
jeetest0873,10.0.2.218
jeetest0874,10.100.10.218
jeetest0875,10.100.11.218
jeetest0876,10.0.1.219
jeetest0877,10.0.2.219
jeetest0878,10.100.10.219
jeetest0879,10.100.11.219
jeetest0880,10.0.1.220
jeetest0881,10.0.2.220
jeetest0882,10.100.10.220
jeetest0883,10.100.11.220
jeetest0884,10.0.1.221
jeetest0885,10.0.2.221
jeetest0886,10.100.10.221
jeetest0887,10.100.11.221
jeetest0888,10.0.1.222
jeetest0889,10.0.2.222
jeetest0890,10.100.10.222
jeetest0891,10.100.11.222
jeetest0892,10.0.1.223
jeetest0893,10.0.2.223
jeetest0894,10.100.10.223
jeetest0895,10.100.11.223
jeetest0896,10.0.1.224
jeetest0897,10.0.2.224
jeetest0898,10.100.10.224
jeetest0899,10.100.11.224
jeetest0900,10.0.1.225
jeetest0901,10.0.2.225
jeetest0902,10.100.10.225
jeetest0903,10.100.11.225
jeetest0904,10.0.1.226
jeetest0905,10.0.2.226
jeetest0906,10.100.10.226
jeetest0907,10.100.11.226
jeetest0908,10.0.1.227
jeetest0909,10.0.2.227
jeetest0910,10.100.10.227
jeetest0911,10.100.11.227
jeetest0912,10.0.1.228
jeetest0913,10.0.2.228
jeetest0914,10.100.10.228
jeetest0915,10.100.11.228
jeetest0916,10.0.1.229
jeetest0917,10.0.2.229
jeetest0918,10.100.10.229
jeetest0919,10.100.11.229
jeetest0920,10.0.1.230
jeetest0921,10.0.2.230
jeetest0922,10.100.10.230
jeetest0923,10.100.11.230
jeetest0924,10.0.1.231
jeetest0925,10.0.2.231
jeetest0926,10.100.10.231
jeetest0927,10.100.11.231
jeetest0928,10.0.1.232
jeetest0929,10.0.2.232
jeetest0930,10.100.10.232
jeetest0931,10.100.11.232
jeetest0932,10.0.1.233
jeetest0933,10.0.2.233
jeetest0934,10.100.10.233
jeetest0935,10.100.11.233
jeetest0936,10.0.1.234
jeetest0937,10.0.2.234
jeetest0938,10.100.10.234
jeetest0939,10.100.11.234
jeetest0940,10.0.1.235
jeetest0941,10.0.2.235
jeetest0942,10.100.10.235
jeetest0943,10.100.11.235
jeetest0944,10.0.1.236
jeetest0945,10.0.2.236
jeetest0946,10.100.10.236
jeetest0947,10.100.11.236
jeetest0948,10.0.1.237
jeetest0949,10.0.2.237
jeetest0950,10.100.10.237
jeetest0951,10.100.11.237
jeetest0952,10.0.1.238
jeetest0953,10.0.2.238
jeetest0954,10.100.10.238
jeetest0955,10.100.11.238
jeetest0956,10.0.1.239
jeetest0957,10.0.2.239
jeetest0958,10.100.10.239
jeetest0959,10.100.11.239
jeetest0960,10.0.1.240
jeetest0961,10.0.2.240
jeetest0962,10.100.10.240
jeetest0963,10.100.11.240
jeetest0964,10.0.1.241
jeetest0965,10.0.2.241
jeetest0966,10.100.10.241
jeetest0967,10.100.11.241
jeetest0968,10.0.1.242
jeetest0969,10.0.2.242
jeetest0970,10.100.10.242
jeetest0971,10.100.11.242
jeetest0972,10.0.1.243
jeetest0973,10.0.2.243
jeetest0974,10.100.10.243
jeetest0975,10.100.11.243
jeetest0976,10.0.1.244
jeetest0977,10.0.2.244
jeetest0978,10.100.10.244
jeetest0979,10.100.11.244
jeetest0980,10.0.1.245
jeetest0981,10.0.2.245
jeetest0982,10.100.10.245
jeetest0983,10.100.11.245
jeetest0984,10.0.1.246
jeetest0985,10.0.2.246
jeetest0986,10.100.10.246
jeetest0987,10.100.11.246
jeetest0988,10.0.1.247
jeetest0989,10.0.2.247
jeetest0990,10.100.10.247
jeetest0991,10.100.11.247
jeetest0992,10.0.1.248
jeetest0993,10.0.2.248
jeetest0994,10.100.10.248
jeetest0995,10.100.11.248
jeetest0996,10.0.1.249
jeetest0997,10.0.2.249
jeetest0998,10.100.10.249
jeetest0999,10.100.11.249
