Hostname,IP
jeexxx01,10.0.3.0
jeexxx02,10.0.3.1
jeexxx03,10.0.3.2
jeexxx04,10.0.3.3
jeexxx04,10.0.4.1
jeexxx04,10.0.4.2
jeexxx04,10.0.4.3
jeetest0000,10.0.1.0
jeetest0001,10.0.2.0
jeetest0002,10.100.10.0
jeetest0003,10.100.11.0
jeetest0004,10.0.1.1
jeetest0005,10.0.2.1
jeetest0006,10.100.10.1
jeetest0007,10.100.11.1
jeetest0008,10.0.1.2
jeetest0009,10.0.2.2
jeetest0010,10.100.10.2
jeetest0011,10.100.11.2
jeetest0012,10.0.1.3
jeetest0013,10.0.2.3
jeetest0014,10.100.10.3
jeetest0015,10.100.11.3
jeetest0016,10.0.1.4
jeetest0017,10.0.2.4
jeetest0018,10.100.10.4
jeetest0019,10.100.11.4
jeetest0020,10.0.1.5
jeetest0021,10.0.2.5
jeetest0022,10.100.10.5
jeetest0023,10.100.11.5
jeetest0024,10.0.1.6
jeetest0025,10.0.2.6
jeetest0026,10.100.10.6
jeetest0027,10.100.11.6
jeetest0028,10.0.1.7
jeetest0029,10.0.2.7
jeetest0030,10.100.10.7
jeetest0031,10.100.11.7
jeetest0032,10.0.1.8
jeetest0033,10.0.2.8
jeetest0034,10.100.10.8
jeetest0035,10.100.11.8
jeetest0036,10.0.1.9
jeetest0037,10.0.2.9
jeetest0038,10.100.10.9
jeetest0039,10.100.11.9
jeetest0040,10.0.1.10
jeetest0041,10.0.2.10
jeetest0042,10.100.10.10
jeetest0043,10.100.11.10
jeetest0044,10.0.1.11
jeetest0045,10.0.2.11
jeetest0046,10.100.10.11
jeetest0047,10.100.11.11
jeetest0048,10.0.1.12
jeetest0049,10.0.2.12
jeetest0050,10.100.10.12
jeetest0051,10.100.11.12
jeetest0052,10.0.1.13
jeetest0053,10.0.2.13
jeetest0054,10.100.10.13
jeetest0055,10.100.11.13
jeetest0056,10.0.1.14
jeetest0057,10.0.2.14
jeetest0058,10.100.10.14
jeetest0059,10.100.11.14
jeetest0060,10.0.1.15
jeetest0061,10.0.2.15
jeetest0062,10.100.10.15
jeetest0063,10.100.11.15
jeetest0064,10.0.1.16
jeetest0065,10.0.2.16
jeetest0066,10.100.10.16
jeetest0067,10.100.11.16
jeetest0068,10.0.1.17
jeetest0069,10.0.2.17
jeetest0070,10.100.10.17
jeetest0071,10.100.11.17
jeetest0072,10.0.1.18
jeetest0073,10.0.2.18
jeetest0074,10.100.10.18
jeetest0075,10.100.11.18
jeetest0076,10.0.1.19
jeetest0077,10.0.2.19
jeetest0078,10.100.10.19
jeetest0079,10.100.11.19
jeetest0080,10.0.1.20
jeetest0081,10.0.2.20
jeetest0082,10.100.10.20
jeetest0083,10.100.11.20
jeetest0084,10.0.1.21
jeetest0085,10.0.2.21
jeetest0086,10.100.10.21
jeetest0087,10.100.11.21
jeetest0088,10.0.1.22
jeetest0089,10.0.2.22
jeetest0090,10.100.10.22
jeetest0091,10.100.11.22
jeetest0092,10.0.1.23
jeetest0093,10.0.2.23
jeetest0094,10.100.10.23
jeetest0095,10.100.11.23
jeetest0096,10.0.1.24
jeetest0097,10.0.2.24
jeetest0098,10.100.10.24
jeetest0099,10.100.11.24
